,timestamp,device,seqnumber,event,temperature1,temperature2,bmetemp,bmehum,bmepress,adc1,adc2,adc3,battery,devicetypeid,data,time,__dt,date
5,2022-07-14T02:09:38+01:00,1B2985A,1882,1,17,18,18,71,989,30,1,1,27,5eb930b525643251775b3218,0175767647591e01011b,1657757378,2022-07-14 00:00:00.000,2022-07-11 13:49:53+01:00
184,2022-07-15T04:04:06+01:00,1B2985A,1983,1,9,11,10,86,991,6,1,1,27,5eb930b525643251775b3218,016d6f6e565b0601011b,1657850646,2022-07-15 00:00:00.000,2022-07-11 14:05:18+01:00
140,2022-07-14T14:44:04+01:00,1B2985A,1931,1,59,38,44,13,986,29,1,1,27,5eb930b525643251775b3218,019f8a900d561d01011b,1657802644,2022-07-14 00:00:00.000,2022-07-11 14:36:04+01:00
2,2022-07-14T05:14:16+01:00,1B2985A,1894,1,14,16,16,82,989,1,1,1,27,5eb930b525643251775b3218,0172747452590101011b,1657768456,2022-07-14 00:00:00.000,2022-07-11 15:22:15+01:00
30,2022-07-13T17:11:10+01:00,1B2985A,1847,1,47,36,39,13,989,26,1,1,27,5eb930b525643251775b3218,0193888b0d591a01011b,1657725070,2022-07-13 00:00:00.000,2022-07-11 15:37:40+01:00
87,2022-07-14T03:26:34+01:00,1B2985A,1887,1,15,16,16,79,988,30,1,1,27,5eb930b525643251775b3218,017374744f581e01011b,1657761994,2022-07-14 00:00:00.000,2022-07-11 15:53:01+01:00
85,2022-07-15T13:49:17+01:00,1B2985A,2021,1,56,27,39,12,991,8,1,1,27,5eb930b525643251775b3218,019c7f8b0c5b0801011b,1657885757,2022-07-15 00:00:00.000,2022-07-11 16:08:25+01:00
93,2022-07-14T12:10:05+01:00,1B2985A,1921,1,51,31,34,25,987,11,1,1,27,5eb930b525643251775b3218,0197838619570b01011b,1657793405,2022-07-14 00:00:00.000,2022-07-11 16:39:12+01:00
179,2022-07-14T02:55:48+01:00,1B2985A,1885,1,16,17,17,76,989,30,1,1,27,5eb930b525643251775b3218,017475754c591e01011b,1657760148,2022-07-14 00:00:00.000,2022-07-11 17:25:23+01:00
122,2022-07-13T16:55:47+01:00,1B2985A,1846,1,49,37,41,12,989,29,1,1,27,5eb930b525643251775b3218,0195898d0c591d01011b,1657724147,2022-07-13 00:00:00.000,2022-07-11 17:56:11+01:00
136,2022-07-14T06:00:26+01:00,1B2985A,1897,1,14,16,16,83,988,28,1,1,27,5eb930b525643251775b3218,0172747453581c01011b,1657771226,2022-07-14 00:00:00.000,2022-07-11 18:11:34+01:00
89,2022-07-15T04:34:52+01:00,1B2985A,1985,1,8,11,9,90,991,8,1,1,27,5eb930b525643251775b3218,016c6f6d5a5b0801011b,1657852492,2022-07-15 00:00:00.000,2022-07-11 18:57:46+01:00
174,2022-07-13T17:41:56+01:00,1B2985A,1849,1,44,36,38,15,989,5,1,1,27,5eb930b525643251775b3218,0190888a0f590501011b,1657726916,2022-07-13 00:00:00.000,2022-07-11 19:13:09+01:00
142,2022-07-13T19:29:40+01:00,1B2985A,1856,1,36,34,37,15,988,9,1,1,27,5eb930b525643251775b3218,018886890f580901011b,1657733380,2022-07-13 00:00:00.000,2022-07-11 19:43:55+01:00
131,2022-07-14T16:31:48+01:00,1B2985A,1938,1,50,36,41,14,986,26,1,1,27,5eb930b525643251775b3218,0196888d0e561a01011b,1657809108,2022-07-14 00:00:00.000,2022-07-11 19:59:17+01:00
77,2022-07-13T22:49:40+01:00,1B2985A,1869,1,26,25,24,42,989,26,1,1,27,5eb930b525643251775b3218,017e7d7c2a591a01011b,1657745380,2022-07-13 00:00:00.000,2022-07-11 20:14:40+01:00
154,2022-07-14T21:24:07+01:00,1B2985A,1957,1,25,22,22,39,989,27,1,1,27,5eb930b525643251775b3218,017d7a7a27591b01011b,1657826647,2022-07-14 00:00:00.000,2022-07-11 20:30:03+01:00
39,2022-07-15T05:36:26+01:00,1B2985A,1989,1,7,10,9,92,992,30,1,1,27,5eb930b525643251775b3218,016b6e6d5c5c1e01011b,1657856186,2022-07-15 00:00:00.000,2022-07-11 21:00:49+01:00
56,2022-07-14T22:40:59+01:00,1B2985A,1962,1,19,19,18,48,989,4,1,1,27,5eb930b525643251775b3218,0177777630590401011b,1657831259,2022-07-14 00:00:00.000,2022-07-11 21:31:34+01:00
161,2022-07-15T13:03:04+01:00,1B2985A,2018,1,52,28,37,13,991,26,1,1,27,5eb930b525643251775b3218,019880890d5b1a01011b,1657882984,2022-07-15 00:00:00.000,2022-07-11 22:02:18+01:00
4,2022-07-14T07:48:13+01:00,1B2985A,1904,1,18,20,19,69,988,30,1,1,27,5eb930b525643251775b3218,0176787745581e01011b,1657777693,2022-07-14 00:00:00.000,2022-07-11 22:48:27+01:00
19,2022-07-15T00:13:16+01:00,1B2985A,1968,1,14,15,15,64,990,30,1,1,27,5eb930b525643251775b3218,01727373405a1e01011b,1657836796,2022-07-14 00:00:00.000,2022-07-11 23:03:50+01:00
124,2022-07-13T22:34:16+01:00,1B2985A,1868,1,26,25,25,40,989,1,1,1,27,5eb930b525643251775b3218,017e7d7d28590101011b,1657744456,2022-07-13 00:00:00.000,2022-07-12 00:05:22+01:00
171,2022-07-13T14:21:47+01:00,1B2985A,1836,1,48,35,37,14,990,27,1,1,27,5eb930b525643251775b3218,019487890e5a1b01011b,1657714907,2022-07-13 00:00:00.000,2022-07-12 00:20:46+01:00
147,2022-07-15T02:47:10+01:00,1B2985A,1978,1,11,13,12,75,991,28,1,1,27,5eb930b525643251775b3218,016f71704b5b1c01011b,1657846030,2022-07-15 00:00:00.000,2022-07-12 00:36:09+01:00
96,2022-07-14T13:11:39+01:00,1B2985A,1925,1,56,35,39,19,987,29,1,1,27,5eb930b525643251775b3218,019c878b13571d01011b,1657797099,2022-07-14 00:00:00.000,2022-07-12 00:51:32+01:00
49,2022-07-15T03:17:57+01:00,1B2985A,1980,1,10,12,11,81,991,18,1,1,27,5eb930b525643251775b3218,016e706f515b1201011b,1657847877,2022-07-15 00:00:00.000,2022-07-12 02:54:38+01:00
115,2022-07-15T11:46:03+01:00,1B2985A,2013,1,44,24,30,22,991,30,1,1,27,5eb930b525643251775b3218,01907c82165b1e01011b,1657878363,2022-07-15 00:00:00.000,2022-07-12 03:25:25+01:00
162,2022-07-15T09:27:27+01:00,1B2985A,2004,1,26,23,24,39,992,26,1,1,27,5eb930b525643251775b3218,017e7b7c275c1a01011b,1657870047,2022-07-15 00:00:00.000,2022-07-12 03:40:49+01:00
181,2022-07-14T19:36:28+01:00,1B2985A,1950,1,37,31,34,18,987,28,1,1,27,5eb930b525643251775b3218,0189838612571c01011b,1657820188,2022-07-14 00:00:00.000,2022-07-12 03:56:12+01:00
26,2022-07-13T23:35:49+01:00,1B2985A,1872,1,24,23,23,49,989,30,1,1,27,5eb930b525643251775b3218,017c7b7b31591e01011b,1657748149,2022-07-13 00:00:00.000,2022-07-12 04:42:22+01:00
45,2022-07-14T05:29:40+01:00,1B2985A,1895,1,14,17,16,81,988,28,1,1,27,5eb930b525643251775b3218,0172757451581c01011b,1657769380,2022-07-14 00:00:00.000,2022-07-12 04:57:45+01:00
15,2022-07-14T13:42:28+01:00,1B2985A,1927,1,59,37,45,14,987,17,1,1,27,5eb930b525643251775b3218,019f89910e571101011b,1657798948,2022-07-14 00:00:00.000,2022-07-12 05:13:09+01:00
40,2022-07-14T08:34:25+01:00,1B2985A,1907,1,22,27,26,49,988,25,1,1,27,5eb930b525643251775b3218,017a7f7e31581901011b,1657780465,2022-07-14 00:00:00.000,2022-07-12 05:28:32+01:00
129,2022-07-15T01:45:36+01:00,1B2985A,1974,1,12,14,14,70,991,30,1,1,27,5eb930b525643251775b3218,01707272465b1e01011b,1657842336,2022-07-14 00:00:00.000,2022-07-12 05:43:56+01:00
180,2022-07-14T08:03:36+01:00,1B2985A,1905,1,19,23,21,62,988,9,1,1,27,5eb930b525643251775b3218,01777b793e580901011b,1657778616,2022-07-14 00:00:00.000,2022-07-12 06:30:06+01:00
138,2022-07-15T12:47:39+01:00,1B2985A,2017,1,50,30,35,18,991,14,1,1,27,5eb930b525643251775b3218,01968287125b0e01011b,1657882059,2022-07-15 00:00:00.000,2022-07-12 07:16:20+01:00
71,2022-07-14T12:40:52+01:00,1B2985A,1923,1,55,32,35,24,987,15,1,1,27,5eb930b525643251775b3218,019b848718570f01011b,1657795252,2022-07-14 00:00:00.000,2022-07-12 07:47:08+01:00
17,2022-07-14T03:41:57+01:00,1B2985A,1888,1,15,16,16,80,988,30,1,1,27,5eb930b525643251775b3218,0173747450581e01011b,1657762917,2022-07-14 00:00:00.000,2022-07-12 08:02:32+01:00
176,2022-07-15T06:07:12+01:00,1B2985A,1991,1,7,10,9,93,992,1,1,1,27,5eb930b525643251775b3218,016b6e6d5d5c0101011b,1657858032,2022-07-15 00:00:00.000,2022-07-12 09:04:16+01:00
109,2022-07-15T02:31:47+01:00,1B2985A,1977,1,11,14,13,70,991,30,1,1,27,5eb930b525643251775b3218,016f7271465b1e01011b,1657845107,2022-07-15 00:00:00.000,2022-07-12 09:50:31+01:00
13,2022-07-14T00:52:44+01:00,1B2985A,1877,1,21,21,20,60,989,6,1,1,27,5eb930b525643251775b3218,017979783c590601011b,1657752764,2022-07-13 00:00:00.000,2022-07-12 10:05:57+01:00
155,2022-07-14T06:31:13+01:00,1B2985A,1899,1,14,17,16,83,988,6,1,1,27,5eb930b525643251775b3218,0172757453580601011b,1657773073,2022-07-14 00:00:00.000,2022-07-12 11:07:35+01:00
164,2022-07-14T18:50:18+01:00,1B2985A,1947,1,41,34,37,15,987,3,1,1,27,5eb930b525643251775b3218,018d86890f570301011b,1657817418,2022-07-14 00:00:00.000,2022-07-12 11:23:00+01:00
97,2022-07-14T15:45:37+01:00,1B2985A,1935,1,51,34,37,16,986,5,1,1,27,5eb930b525643251775b3218,0197868910560501011b,1657806337,2022-07-14 00:00:00.000,2022-07-12 11:53:48+01:00
66,2022-07-14T01:54:16+01:00,1B2985A,1881,1,18,19,18,70,989,22,1,1,27,5eb930b525643251775b3218,0176777646591601011b,1657756456,2022-07-13 00:00:00.000,2022-07-12 12:24:38+01:00
54,2022-07-15T02:00:59+01:00,1B2985A,1975,1,12,14,13,70,991,30,1,1,27,5eb930b525643251775b3218,01707271465b1e01011b,1657843259,2022-07-15 00:00:00.000,2022-07-12 13:10:51+01:00
50,2022-07-14T19:21:05+01:00,1B2985A,1949,1,38,31,35,18,987,28,1,1,27,5eb930b525643251775b3218,018a838712571c01011b,1657819265,2022-07-14 00:00:00.000,2022-07-12 13:57:04+01:00
166,2022-07-14T09:05:15+01:00,1B2985A,1909,1,28,25,26,43,988,6,1,1,27,5eb930b525643251775b3218,01807d7e2b580601011b,1657782315,2022-07-14 00:00:00.000,2022-07-12 14:43:17+01:00
24,2022-07-15T13:33:52+01:00,1B2985A,2020,1,55,30,38,12,991,26,1,1,27,5eb930b525643251775b3218,019b828a0c5b1a01011b,1657884832,2022-07-15 00:00:00.000,2022-07-12 15:14:03+01:00
107,2022-07-14T04:28:05+01:00,1B2985A,1891,1,14,16,15,82,989,30,1,1,27,5eb930b525643251775b3218,0172747352591e01011b,1657765685,2022-07-14 00:00:00.000,2022-07-12 15:29:25+01:00
1,2022-07-14T10:06:52+01:00,1B2985A,1913,1,36,27,31,33,988,6,1,1,27,5eb930b525643251775b3218,01887f8321580601011b,1657786012,2022-07-14 00:00:00.000,2022-07-12 15:44:49+01:00
137,2022-07-15T07:55:02+01:00,1B2985A,1998,1,13,20,17,62,992,14,1,1,27,5eb930b525643251775b3218,017178753e5c0e01011b,1657864502,2022-07-15 00:00:00.000,2022-07-12 16:00:13+01:00
55,2022-07-15T05:51:49+01:00,1B2985A,1990,1,7,10,9,92,992,30,1,1,27,5eb930b525643251775b3218,016b6e6d5c5c1e01011b,1657857109,2022-07-15 00:00:00.000,2022-07-12 16:15:37+01:00
78,2022-07-13T20:31:11+01:00,1B2985A,1860,1,32,31,33,21,988,4,1,1,27,5eb930b525643251775b3218,0184838515580401011b,1657737071,2022-07-13 00:00:00.000,2022-07-12 16:31:00+01:00
130,2022-07-15T06:22:36+01:00,1B2985A,1992,1,7,13,10,91,992,30,1,1,27,5eb930b525643251775b3218,016b716e5b5c1e01011b,1657858956,2022-07-15 00:00:00.000,2022-07-12 17:01:48+01:00
104,2022-07-13T17:26:33+01:00,1B2985A,1848,1,46,38,42,11,989,6,1,1,27,5eb930b525643251775b3218,01928a8e0b590601011b,1657725993,2022-07-13 00:00:00.000,2022-07-12 18:03:23+01:00
169,2022-07-14T19:51:51+01:00,1B2985A,1951,1,35,30,33,20,987,30,1,1,27,5eb930b525643251775b3218,0187828514571e01011b,1657821111,2022-07-14 00:00:00.000,2022-07-12 18:18:46+01:00
185,2022-07-14T04:58:53+01:00,1B2985A,1893,1,14,17,16,82,988,30,1,1,27,5eb930b525643251775b3218,0172757452581e01011b,1657767533,2022-07-14 00:00:00.000,2022-07-12 18:49:31+01:00
123,2022-07-14T19:05:42+01:00,1B2985A,1948,1,40,32,35,17,987,25,1,1,27,5eb930b525643251775b3218,018c848711571901011b,1657818342,2022-07-14 00:00:00.000,2022-07-12 19:04:55+01:00
92,2022-07-14T07:32:49+01:00,1B2985A,1903,1,17,23,20,65,988,30,1,1,27,5eb930b525643251775b3218,01757b7841581e01011b,1657776769,2022-07-14 00:00:00.000,2022-07-12 19:20:18+01:00
108,2022-07-13T21:17:21+01:00,1B2985A,1863,1,31,28,28,32,988,26,1,1,27,5eb930b525643251775b3218,0183808020581a01011b,1657739841,2022-07-13 00:00:00.000,2022-07-12 19:35:40+01:00
34,2022-07-15T08:41:14+01:00,1B2985A,2001,1,19,22,21,49,992,6,1,1,27,5eb930b525643251775b3218,01777a79315c0601011b,1657867274,2022-07-15 00:00:00.000,2022-07-12 20:52:32+01:00
178,2022-07-15T06:38:00+01:00,1B2985A,1993,1,7,15,10,87,992,30,1,1,27,5eb930b525643251775b3218,016b736e575c1e01011b,1657859880,2022-07-15 00:00:00.000,2022-07-12 21:07:55+01:00
21,2022-07-13T20:46:35+01:00,1B2985A,1861,1,32,30,30,26,988,10,1,1,27,5eb930b525643251775b3218,018482821a580a01011b,1657737995,2022-07-13 00:00:00.000,2022-07-12 21:23:18+01:00
102,2022-07-14T21:08:44+01:00,1B2985A,1956,1,27,24,24,34,988,26,1,1,27,5eb930b525643251775b3218,017f7c7c22581a01011b,1657825724,2022-07-14 00:00:00.000,2022-07-12 22:09:24+01:00
70,2022-07-14T07:02:00+01:00,1B2985A,1901,1,15,18,17,79,988,20,1,1,27,5eb930b525643251775b3218,017376754f581401011b,1657774920,2022-07-14 00:00:00.000,2022-07-12 22:24:48+01:00
168,2022-07-14T14:28:42+01:00,1B2985A,1930,1,61,35,38,20,986,27,1,1,27,5eb930b525643251775b3218,01a1878a14561b01011b,1657801722,2022-07-14 00:00:00.000,2022-07-12 23:10:56+01:00
103,2022-07-14T16:47:11+01:00,1B2985A,1939,1,50,34,38,16,986,21,1,1,27,5eb930b525643251775b3218,0196868a10561501011b,1657810031,2022-07-14 00:00:00.000,2022-07-12 23:26:20+01:00
35,2022-07-14T09:51:28+01:00,1B2985A,1912,1,35,29,32,32,988,23,1,1,27,5eb930b525643251775b3218,0187818420581701011b,1657785088,2022-07-14 00:00:00.000,2022-07-12 23:41:44+01:00
144,2022-07-14T20:37:59+01:00,1B2985A,1954,1,30,26,28,27,988,11,1,1,27,5eb930b525643251775b3218,01827e801b580b01011b,1657823879,2022-07-14 00:00:00.000,2022-07-13 00:12:30+01:00
187,2022-07-14T03:11:12+01:00,1B2985A,1886,1,16,17,16,78,989,14,1,1,27,5eb930b525643251775b3218,017475744e590e01011b,1657761072,2022-07-14 00:00:00.000,2022-07-13 00:27:55+01:00
33,2022-07-13T16:09:36+01:00,1B2985A,1843,1,52,35,40,12,989,7,1,1,27,5eb930b525643251775b3218,0198878c0c590701011b,1657721376,2022-07-13 00:00:00.000,2022-07-13 00:43:17+01:00
43,2022-07-15T07:24:13+01:00,1B2985A,1996,1,10,18,13,76,992,27,1,1,27,5eb930b525643251775b3218,016e76714c5c1b01011b,1657862653,2022-07-15 00:00:00.000,2022-07-13 00:58:41+01:00
58,2022-07-15T03:48:44+01:00,1B2985A,1982,1,9,11,10,85,991,1,1,1,27,5eb930b525643251775b3218,016d6f6e555b0101011b,1657849724,2022-07-15 00:00:00.000,2022-07-13 04:03:24+01:00
146,2022-07-13T22:03:30+01:00,1B2985A,1866,1,28,25,25,41,989,30,1,1,27,5eb930b525643251775b3218,01807d7d29591e01011b,1657742610,2022-07-13 00:00:00.000,2022-07-13 04:49:35+01:00
60,2022-07-14T21:54:52+01:00,1B2985A,1959,1,23,21,20,43,989,28,1,1,27,5eb930b525643251775b3218,017b79782b591c01011b,1657828492,2022-07-14 00:00:00.000,2022-07-13 05:04:58+01:00
88,2022-07-14T22:56:21+01:00,1B2985A,1963,1,18,18,17,52,990,14,1,1,27,5eb930b525643251775b3218,01767675345a0e01011b,1657832181,2022-07-14 00:00:00.000,2022-07-13 05:51:10+01:00
173,2022-07-15T04:19:29+01:00,1B2985A,1984,1,9,11,10,88,991,30,1,1,27,5eb930b525643251775b3218,016d6f6e585b1e01011b,1657851569,2022-07-15 00:00:00.000,2022-07-13 06:06:34+01:00
84,2022-07-15T01:14:49+01:00,1B2985A,1972,1,13,14,13,71,990,28,1,1,27,5eb930b525643251775b3218,01717271475a1c01011b,1657840489,2022-07-14 00:00:00.000,2022-07-13 06:21:58+01:00
41,2022-07-14T07:17:23+01:00,1B2985A,1902,1,15,21,18,75,988,29,1,1,27,5eb930b525643251775b3218,017379764b581d01011b,1657775843,2022-07-14 00:00:00.000,2022-07-13 07:54:23+01:00
20,2022-07-14T02:40:25+01:00,1B2985A,1884,1,17,17,17,76,989,30,1,1,27,5eb930b525643251775b3218,017575754c591e01011b,1657759225,2022-07-14 00:00:00.000,2022-07-13 08:25:13+01:00
7,2022-07-15T08:25:51+01:00,1B2985A,2000,1,17,20,19,55,992,16,1,1,27,5eb930b525643251775b3218,01757877375c1001011b,1657866351,2022-07-15 00:00:00.000,2022-07-13 09:11:28+01:00
156,2022-07-15T04:50:15+01:00,1B2985A,1986,1,8,10,9,90,991,6,1,1,27,5eb930b525643251775b3218,016c6e6d5a5b0601011b,1657853415,2022-07-15 00:00:00.000,2022-07-13 09:26:53+01:00
188,2022-07-14T17:33:20+01:00,1B2985A,1942,1,45,36,39,14,986,1,1,1,27,5eb930b525643251775b3218,0191888b0e560101011b,1657812800,2022-07-14 00:00:00.000,2022-07-13 09:42:19+01:00
38,2022-07-14T06:15:50+01:00,1B2985A,1898,1,14,16,15,84,988,28,1,1,27,5eb930b525643251775b3218,0172747354581c01011b,1657772150,2022-07-14 00:00:00.000,2022-07-13 10:28:34+01:00
116,2022-07-14T23:11:44+01:00,1B2985A,1964,1,17,17,16,55,990,6,1,1,27,5eb930b525643251775b3218,01757574375a0601011b,1657833104,2022-07-14 00:00:00.000,2022-07-13 10:59:22+01:00
149,2022-07-14T10:22:15+01:00,1B2985A,1914,1,37,27,31,34,988,5,1,1,27,5eb930b525643251775b3218,01897f8322580501011b,1657786935,2022-07-14 00:00:00.000,2022-07-13 11:30:10+01:00
111,2022-07-15T09:12:03+01:00,1B2985A,2003,1,24,22,22,44,992,20,1,1,27,5eb930b525643251775b3218,017c7a7a2c5c1401011b,1657869123,2022-07-15 00:00:00.000,2022-07-13 11:45:33+01:00
36,2022-07-14T13:57:53+01:00,1B2985A,1928,1,61,36,46,13,986,6,1,1,27,5eb930b525643251775b3218,01a188920d560601011b,1657799873,2022-07-14 00:00:00.000,2022-07-13 12:00:58+01:00
150,2022-07-15T03:33:21+01:00,1B2985A,1981,1,9,12,10,83,991,14,1,1,27,5eb930b525643251775b3218,016d706e535b0e01011b,1657848801,2022-07-15 00:00:00.000,2022-07-13 13:02:37+01:00
72,2022-07-14T01:38:53+01:00,1B2985A,1880,1,19,19,18,68,989,30,1,1,27,5eb930b525643251775b3218,0177777644591e01011b,1657755533,2022-07-13 00:00:00.000,2022-07-13 13:33:25+01:00
113,2022-07-13T22:18:53+01:00,1B2985A,1867,1,27,25,25,39,989,28,1,1,27,5eb930b525643251775b3218,017f7d7d27591c01011b,1657743533,2022-07-13 00:00:00.000,2022-07-13 13:48:47+01:00
25,2022-07-13T20:15:48+01:00,1B2985A,1859,1,33,30,30,25,988,26,1,1,27,5eb930b525643251775b3218,0185828219581a01011b,1657736148,2022-07-13 00:00:00.000,2022-07-13 14:04:11+01:00
47,2022-07-14T12:25:28+01:00,1B2985A,1922,1,53,34,41,18,987,5,1,1,27,5eb930b525643251775b3218,0199868d12570501011b,1657794328,2022-07-14 00:00:00.000,2022-07-13 14:19:34+01:00
126,2022-07-14T20:53:21+01:00,1B2985A,1955,1,28,25,26,32,988,27,1,1,27,5eb930b525643251775b3218,01807d7e20581b01011b,1657824801,2022-07-14 00:00:00.000,2022-07-13 14:50:23+01:00
82,2022-07-14T10:37:39+01:00,1B2985A,1915,1,39,27,34,28,988,7,1,1,27,5eb930b525643251775b3218,018b7f861c580701011b,1657787859,2022-07-14 00:00:00.000,2022-07-13 15:21:13+01:00
114,2022-07-14T02:25:02+01:00,1B2985A,1883,1,17,18,17,73,989,30,1,1,27,5eb930b525643251775b3218,0175767549591e01011b,1657758302,2022-07-14 00:00:00.000,2022-07-13 16:38:11+01:00
0,2022-07-13T14:37:13+01:00,1B2985A,1837,1,50,37,41,10,990,30,1,1,27,5eb930b525643251775b3218,0196898d0a5a1e01011b,1657715833,2022-07-13 00:00:00.000,2022-07-13 17:08:58+01:00
74,2022-07-15T10:59:52+01:00,1B2985A,2010,1,39,23,26,30,992,28,1,1,27,5eb930b525643251775b3218,018b7b7e1e5c1c01011b,1657875592,2022-07-15 00:00:00.000,2022-07-13 17:24:21+01:00
46,2022-07-15T12:01:28+01:00,1B2985A,2014,1,47,25,30,22,991,27,1,1,27,5eb930b525643251775b3218,01937d82165b1b01011b,1657879288,2022-07-15 00:00:00.000,2022-07-13 17:55:09+01:00
37,2022-07-14T08:19:00+01:00,1B2985A,1906,1,20,25,23,56,988,20,1,1,27,5eb930b525643251775b3218,01787d7b38581401011b,1657779540,2022-07-14 00:00:00.000,2022-07-13 18:10:32+01:00
9,2022-07-13T19:14:16+01:00,1B2985A,1855,1,37,34,37,15,988,20,2,1,27,5eb930b525643251775b3218,018986890f581402011b,1657732456,2022-07-13 00:00:00.000,2022-07-13 18:41:18+01:00
141,2022-07-15T10:29:05+01:00,1B2985A,2008,1,33,23,26,32,992,2,1,1,27,5eb930b525643251775b3218,01857b7e205c0201011b,1657873745,2022-07-15 00:00:00.000,2022-07-13 18:56:41+01:00
148,2022-07-14T11:54:41+01:00,1B2985A,1920,1,51,33,39,21,987,7,1,1,27,5eb930b525643251775b3218,0197858b15570701011b,1657792481,2022-07-14 00:00:00.000,2022-07-13 19:12:05+01:00
57,2022-07-13T17:57:19+01:00,1B2985A,1850,1,43,37,40,14,989,16,1,1,27,5eb930b525643251775b3218,018f898c0e591001011b,1657727839,2022-07-13 00:00:00.000,2022-07-13 19:27:28+01:00
158,2022-07-14T21:39:29+01:00,1B2985A,1958,1,24,21,21,41,989,3,1,1,27,5eb930b525643251775b3218,017c797929590301011b,1657827569,2022-07-14 00:00:00.000,2022-07-13 20:29:00+01:00
76,2022-07-14T16:01:00+01:00,1B2985A,1936,1,49,34,37,18,986,14,1,1,27,5eb930b525643251775b3218,0195868912560e01011b,1657807260,2022-07-14 00:00:00.000,2022-07-13 20:44:24+01:00
48,2022-07-13T15:54:13+01:00,1B2985A,1842,1,54,37,42,10,989,21,2,1,27,5eb930b525643251775b3218,019a898e0a591502011b,1657720453,2022-07-13 00:00:00.000,2022-07-13 20:59:46+01:00
157,2022-07-14T18:04:08+01:00,1B2985A,1944,1,44,36,39,13,986,25,1,1,27,5eb930b525643251775b3218,0190888b0d561901011b,1657814648,2022-07-14 00:00:00.000,2022-07-13 21:15:10+01:00
42,2022-07-13T14:06:24+01:00,1B2985A,1835,1,48,33,35,16,991,5,1,1,27,5eb930b525643251775b3218,01948587105b0501011b,1657713984,2022-07-13 00:00:00.000,2022-07-13 21:30:32+01:00
167,2022-07-13T13:51:01+01:00,1B2985A,1834,1,48,32,34,20,991,16,1,1,27,5eb930b525643251775b3218,01948486145b1001011b,1657713061,2022-07-13 00:00:00.000,2022-07-13 22:01:17+01:00
67,2022-07-14T00:37:22+01:00,1B2985A,1876,1,22,21,21,58,989,26,1,1,27,5eb930b525643251775b3218,017a79793a591a01011b,1657751842,2022-07-13 00:00:00.000,2022-07-13 22:16:39+01:00
99,2022-07-14T15:30:14+01:00,1B2985A,1934,1,53,35,38,16,986,8,1,1,27,5eb930b525643251775b3218,0199878a10560801011b,1657805414,2022-07-14 00:00:00.000,2022-07-13 22:47:26+01:00
12,2022-07-14T04:43:30+01:00,1B2985A,1892,1,14,17,15,81,989,30,1,1,27,5eb930b525643251775b3218,0172757351591e01011b,1657766610,2022-07-14 00:00:00.000,2022-07-13 23:02:49+01:00
3,2022-07-13T18:12:44+01:00,1B2985A,1851,1,42,35,38,13,988,20,2,1,27,5eb930b525643251775b3218,018e878a0d581402011b,1657728764,2022-07-13 00:00:00.000,2022-07-13 23:18:11+01:00
22,2022-07-15T07:08:48+01:00,1B2985A,1995,1,9,17,12,81,992,25,1,1,27,5eb930b525643251775b3218,016d7570515c1901011b,1657861728,2022-07-15 00:00:00.000,2022-07-13 23:33:35+01:00
75,2022-07-14T17:17:57+01:00,1B2985A,1941,1,46,34,37,17,986,19,1,1,27,5eb930b525643251775b3218,0192868911561301011b,1657811877,2022-07-14 00:00:00.000,2022-07-14 00:35:07+01:00
32,2022-07-13T16:40:23+01:00,1B2985A,1845,1,50,37,41,12,989,19,1,1,27,5eb930b525643251775b3218,0196898d0c591301011b,1657723223,2022-07-13 00:00:00.000,2022-07-14 00:50:30+01:00
81,2022-07-15T10:13:40+01:00,1B2985A,2007,1,31,23,25,36,992,29,1,1,27,5eb930b525643251775b3218,01837b7d245c1d01011b,1657872820,2022-07-15 00:00:00.000,2022-07-14 01:05:54+01:00
63,2022-07-14T22:25:37+01:00,1B2985A,1961,1,20,19,18,47,989,28,1,1,27,5eb930b525643251775b3218,017877762f591c01011b,1657830337,2022-07-14 00:00:00.000,2022-07-14 02:07:25+01:00
68,2022-07-13T20:00:25+01:00,1B2985A,1858,1,34,30,30,24,988,26,1,1,27,5eb930b525643251775b3218,0186828218581a01011b,1657735225,2022-07-13 00:00:00.000,2022-07-14 02:53:36+01:00
177,2022-07-13T21:32:43+01:00,1B2985A,1864,1,30,27,26,35,988,26,1,1,27,5eb930b525643251775b3218,01827f7e23581a01011b,1657740763,2022-07-13 00:00:00.000,2022-07-14 03:08:59+01:00
151,2022-07-14T09:36:04+01:00,1B2985A,1911,1,32,28,30,36,988,6,1,1,27,5eb930b525643251775b3218,0184808224580601011b,1657784164,2022-07-14 00:00:00.000,2022-07-14 03:24:22+01:00
69,2022-07-15T12:16:52+01:00,1B2985A,2015,1,48,28,33,19,991,20,1,1,27,5eb930b525643251775b3218,01948085135b1401011b,1657880212,2022-07-15 00:00:00.000,2022-07-14 03:55:10+01:00
94,2022-07-14T12:56:16+01:00,1B2985A,1924,1,56,32,37,22,987,5,1,1,27,5eb930b525643251775b3218,019c848916570501011b,1657796176,2022-07-14 00:00:00.000,2022-07-14 04:10:33+01:00
23,2022-07-14T06:46:37+01:00,1B2985A,1900,1,15,19,17,80,988,30,1,1,27,5eb930b525643251775b3218,0173777550581e01011b,1657773997,2022-07-14 00:00:00.000,2022-07-14 04:41:20+01:00
189,2022-07-13T18:58:52+01:00,1B2985A,1854,1,38,35,37,15,988,1,1,1,27,5eb930b525643251775b3218,018a87890f580101011b,1657731532,2022-07-13 00:00:00.000,2022-07-14 04:56:44+01:00
59,2022-07-13T23:05:03+01:00,1B2985A,1870,1,25,24,24,45,989,30,1,1,27,5eb930b525643251775b3218,017d7c7c2d591e01011b,1657746303,2022-07-13 00:00:00.000,2022-07-14 05:12:08+01:00
64,2022-07-15T01:30:12+01:00,1B2985A,1973,1,12,14,13,71,991,30,1,1,27,5eb930b525643251775b3218,01707271475b1e01011b,1657841412,2022-07-14 00:00:00.000,2022-07-14 05:27:32+01:00
165,2022-07-13T21:48:06+01:00,1B2985A,1865,1,29,26,26,38,988,28,1,1,27,5eb930b525643251775b3218,01817e7e26581c01011b,1657741686,2022-07-13 00:00:00.000,2022-07-14 06:13:43+01:00
79,2022-07-14T22:10:13+01:00,1B2985A,1960,1,21,20,19,46,989,20,1,1,27,5eb930b525643251775b3218,017978772e591401011b,1657829413,2022-07-14 00:00:00.000,2022-07-14 06:59:54+01:00
145,2022-07-15T00:28:40+01:00,1B2985A,1969,1,14,15,15,64,990,1,1,1,27,5eb930b525643251775b3218,01727373405a0101011b,1657837720,2022-07-14 00:00:00.000,2022-07-14 07:30:44+01:00
159,2022-07-14T14:59:28+01:00,1B2985A,1932,1,58,37,40,17,986,5,1,1,27,5eb930b525643251775b3218,019e898c11560501011b,1657803568,2022-07-14 00:00:00.000,2022-07-14 09:03:14+01:00
139,2022-07-14T16:16:24+01:00,1B2985A,1937,1,49,36,40,14,986,7,1,1,27,5eb930b525643251775b3218,0195888c0e560701011b,1657808184,2022-07-14 00:00:00.000,2022-07-14 09:18:37+01:00
86,2022-07-15T00:59:26+01:00,1B2985A,1971,1,13,15,14,65,990,1,1,1,27,5eb930b525643251775b3218,01717372415a0101011b,1657839566,2022-07-14 00:00:00.000,2022-07-14 10:20:14+01:00
31,2022-07-13T14:52:36+01:00,1B2985A,1838,1,52,38,43,9,990,25,1,1,27,5eb930b525643251775b3218,01988a8f095a1901011b,1657716756,2022-07-13 00:00:00.000,2022-07-14 10:51:03+01:00
91,2022-07-15T07:39:38+01:00,1B2985A,1997,1,11,19,15,68,992,26,1,1,27,5eb930b525643251775b3218,016f7773445c1a01011b,1657863578,2022-07-15 00:00:00.000,2022-07-14 11:21:51+01:00
143,2022-07-14T20:07:17+01:00,1B2985A,1952,1,33,29,32,21,987,26,1,1,27,5eb930b525643251775b3218,0185818415571a01011b,1657822037,2022-07-14 00:00:00.000,2022-07-14 12:08:06+01:00
175,2022-07-14T11:23:51+01:00,1B2985A,1918,1,45,30,36,24,987,12,1,1,27,5eb930b525643251775b3218,0191828818570c01011b,1657790631,2022-07-14 00:00:00.000,2022-07-14 12:23:30+01:00
110,2022-07-14T08:49:51+01:00,1B2985A,1908,1,25,28,28,42,988,3,1,1,27,5eb930b525643251775b3218,017d80802a580301011b,1657781391,2022-07-14 00:00:00.000,2022-07-14 12:38:53+01:00
51,2022-07-14T23:42:30+01:00,1B2985A,1966,1,16,16,15,60,990,1,1,1,27,5eb930b525643251775b3218,017474733c5a0101011b,1657834950,2022-07-14 00:00:00.000,2022-07-14 13:09:40+01:00
53,2022-07-15T08:10:27+01:00,1B2985A,1999,1,15,21,19,55,992,18,1,1,27,5eb930b525643251775b3218,01737977375c1201011b,1657865427,2022-07-15 00:00:00.000,2022-07-14 13:40:30+01:00
29,2022-07-15T11:30:41+01:00,1B2985A,2012,1,43,26,32,21,991,29,1,1,27,5eb930b525643251775b3218,018f7e84155b1d01011b,1657877441,2022-07-15 00:00:00.000,2022-07-14 14:42:06+01:00
10,2022-07-15T02:16:23+01:00,1B2985A,1976,1,11,14,13,70,991,30,1,1,27,5eb930b525643251775b3218,016f7271465b1e01011b,1657844183,2022-07-15 00:00:00.000,2022-07-14 16:14:23+01:00
52,2022-07-15T11:15:16+01:00,1B2985A,2011,1,41,24,33,22,992,13,1,1,27,5eb930b525643251775b3218,018d7c85165c0d01011b,1657876516,2022-07-15 00:00:00.000,2022-07-14 16:45:12+01:00
118,2022-07-15T03:02:33+01:00,1B2985A,1979,1,10,12,11,79,991,30,1,1,27,5eb930b525643251775b3218,016e706f4f5b1e01011b,1657846953,2022-07-15 00:00:00.000,2022-07-14 17:15:56+01:00
153,2022-07-15T10:44:29+01:00,1B2985A,2009,1,36,24,28,30,992,2,1,1,27,5eb930b525643251775b3218,01887c801e5c0201011b,1657874669,2022-07-15 00:00:00.000,2022-07-14 17:31:20+01:00
27,2022-07-15T05:21:02+01:00,1B2985A,1988,1,7,10,9,90,992,30,1,1,27,5eb930b525643251775b3218,016b6e6d5a5c1e01011b,1657855262,2022-07-15 00:00:00.000,2022-07-14 17:46:45+01:00
160,2022-07-14T13:27:03+01:00,1B2985A,1926,1,58,37,43,16,987,22,1,1,27,5eb930b525643251775b3218,019e898f10571601011b,1657798023,2022-07-14 00:00:00.000,2022-07-14 18:02:08+01:00
6,2022-07-14T15:14:51+01:00,1B2985A,1933,1,54,34,36,20,986,28,1,1,27,5eb930b525643251775b3218,019a868814561c01011b,1657804491,2022-07-14 00:00:00.000,2022-07-14 18:32:55+01:00
152,2022-07-14T14:13:18+01:00,1B2985A,1929,1,63,41,50,10,986,8,1,1,27,5eb930b525643251775b3218,01a38d960a560801011b,1657800798,2022-07-14 00:00:00.000,2022-07-14 19:03:40+01:00
163,2022-07-15T05:05:39+01:00,1B2985A,1987,1,8,10,9,91,992,29,1,1,27,5eb930b525643251775b3218,016c6e6d5b5c1d01011b,1657854339,2022-07-15 00:00:00.000,2022-07-14 19:19:03+01:00
106,2022-07-13T15:23:25+01:00,1B2985A,1840,1,56,37,43,8,990,28,1,1,27,5eb930b525643251775b3218,019c898f085a1c01011b,1657718605,2022-07-13 00:00:00.000,2022-07-14 19:34:26+01:00
8,2022-07-13T13:35:38+01:00,1B2985A,1833,1,51,32,34,20,991,18,1,1,27,5eb930b525643251775b3218,01978486145b1201011b,1657712138,2022-07-13 00:00:00.000,2022-07-14 19:49:49+01:00
62,2022-07-15T00:44:03+01:00,1B2985A,1970,1,13,16,15,63,990,30,1,1,27,5eb930b525643251775b3218,017174733f5a1e01011b,1657838643,2022-07-14 00:00:00.000,2022-07-14 20:20:36+01:00
90,2022-07-13T23:51:13+01:00,1B2985A,1873,1,24,22,22,51,989,1,1,1,27,5eb930b525643251775b3218,017c7a7a33590101011b,1657749073,2022-07-13 00:00:00.000,2022-07-14 20:35:58+01:00
170,2022-07-14T03:57:21+01:00,1B2985A,1889,1,15,16,15,82,989,24,1,1,27,5eb930b525643251775b3218,0173747352591801011b,1657763841,2022-07-14 00:00:00.000,2022-07-14 21:06:43+01:00
112,2022-07-15T12:32:16+01:00,1B2985A,2016,1,50,27,33,18,991,4,1,1,27,5eb930b525643251775b3218,01967f85125b0401011b,1657881136,2022-07-15 00:00:00.000,2022-07-14 21:37:29+01:00
105,2022-07-14T20:22:36+01:00,1B2985A,1953,1,31,28,30,24,988,24,1,1,27,5eb930b525643251775b3218,0183808218581801011b,1657822956,2022-07-14 00:00:00.000,2022-07-14 21:52:51+01:00
172,2022-07-14T00:21:59+01:00,1B2985A,1875,1,22,22,21,56,989,6,1,1,27,5eb930b525643251775b3218,017a7a7938590601011b,1657750919,2022-07-13 00:00:00.000,2022-07-14 22:08:14+01:00
133,2022-07-13T19:45:03+01:00,1B2985A,1857,1,35,31,31,22,988,2,1,1,27,5eb930b525643251775b3218,0187838316580201011b,1657734303,2022-07-13 00:00:00.000,2022-07-14 22:23:36+01:00
83,2022-07-13T15:08:01+01:00,1B2985A,1839,1,55,38,44,7,990,13,1,1,27,5eb930b525643251775b3218,019b8a90075a0d01011b,1657717681,2022-07-13 00:00:00.000,2022-07-14 22:54:22+01:00
61,2022-07-14T17:48:45+01:00,1B2985A,1943,1,45,35,39,15,986,1,1,1,27,5eb930b525643251775b3218,0191878b0f560101011b,1657813725,2022-07-14 00:00:00.000,2022-07-14 23:25:07+01:00
44,2022-07-13T23:20:27+01:00,1B2985A,1871,1,25,24,23,46,989,28,1,1,27,5eb930b525643251775b3218,017d7c7b2e591c01011b,1657747227,2022-07-13 00:00:00.000,2022-07-14 23:40:30+01:00
98,2022-07-15T09:58:15+01:00,1B2985A,2006,1,29,22,25,36,992,9,1,1,27,5eb930b525643251775b3218,01817a7d245c0901011b,1657871895,2022-07-15 00:00:00.000,2022-07-15 00:11:16+01:00
132,2022-07-14T05:45:03+01:00,1B2985A,1896,1,15,16,16,81,988,28,1,1,27,5eb930b525643251775b3218,0173747451581c01011b,1657770303,2022-07-14 00:00:00.000,2022-07-15 00:57:27+01:00
186,2022-07-15T08:56:39+01:00,1B2985A,2002,1,21,23,22,45,992,6,1,1,27,5eb930b525643251775b3218,01797b7a2d5c0601011b,1657868199,2022-07-15 00:00:00.000,2022-07-15 02:14:25+01:00
14,2022-07-14T01:23:31+01:00,1B2985A,1879,1,19,19,19,66,989,30,1,1,27,5eb930b525643251775b3218,0177777742591e01011b,1657754611,2022-07-13 00:00:00.000,2022-07-15 03:00:35+01:00
73,2022-07-14T23:27:08+01:00,1B2985A,1965,1,16,16,15,58,990,1,1,1,27,5eb930b525643251775b3218,017474733a5a0101011b,1657834028,2022-07-14 00:00:00.000,2022-07-15 03:31:21+01:00
28,2022-07-13T18:28:06+01:00,1B2985A,1852,1,41,34,36,16,988,7,1,1,27,5eb930b525643251775b3218,018d868810580701011b,1657729686,2022-07-13 00:00:00.000,2022-07-15 03:46:44+01:00
119,2022-07-13T16:25:00+01:00,1B2985A,1844,1,51,37,42,11,989,29,1,1,27,5eb930b525643251775b3218,0197898e0b591d01011b,1657722300,2022-07-13 00:00:00.000,2022-07-15 04:17:31+01:00
100,2022-07-13T13:20:14+01:00,1B2985A,1832,1,53,33,37,16,991,2,1,1,27,5eb930b525643251775b3218,01998589105b0201011b,1657711214,2022-07-13 00:00:00.000,2022-07-15 04:32:54+01:00
182,2022-07-13T15:38:49+01:00,1B2985A,1841,1,55,39,43,9,990,23,1,1,27,5eb930b525643251775b3218,019b8b8f095a1701011b,1657719529,2022-07-13 00:00:00.000,2022-07-15 04:48:18+01:00
121,2022-07-14T04:12:43+01:00,1B2985A,1890,1,14,16,15,83,989,30,1,1,27,5eb930b525643251775b3218,0172747353591e01011b,1657764763,2022-07-14 00:00:00.000,2022-07-15 05:03:42+01:00
16,2022-07-14T10:53:03+01:00,1B2985A,1916,1,42,29,37,24,987,4,1,1,27,5eb930b525643251775b3218,018e818918570401011b,1657788783,2022-07-14 00:00:00.000,2022-07-15 05:19:05+01:00
125,2022-07-13T21:01:57+01:00,1B2985A,1862,1,31,30,31,27,988,22,1,1,27,5eb930b525643251775b3218,018382831b581601011b,1657738917,2022-07-13 00:00:00.000,2022-07-15 05:34:29+01:00
135,2022-07-14T18:19:32+01:00,1B2985A,1945,1,44,35,38,15,986,29,1,1,27,5eb930b525643251775b3218,0190878a0f561d01011b,1657815572,2022-07-14 00:00:00.000,2022-07-15 06:05:16+01:00
95,2022-07-13T18:43:29+01:00,1B2985A,1853,1,39,35,37,15,988,3,1,1,27,5eb930b525643251775b3218,018b87890f580301011b,1657730609,2022-07-13 00:00:00.000,2022-07-15 06:20:40+01:00
117,2022-07-15T06:53:24+01:00,1B2985A,1994,1,8,16,11,84,992,1,1,1,27,5eb930b525643251775b3218,016c746f545c0101011b,1657860804,2022-07-15 00:00:00.000,2022-07-15 06:36:04+01:00
80,2022-07-14T18:34:56+01:00,1B2985A,1946,1,43,33,37,16,986,26,1,1,27,5eb930b525643251775b3218,018f858910561a01011b,1657816496,2022-07-14 00:00:00.000,2022-07-15 06:51:29+01:00
11,2022-07-15T09:42:51+01:00,1B2985A,2005,1,28,22,23,40,992,23,1,1,27,5eb930b525643251775b3218,01807a7b285c1701011b,1657870971,2022-07-15 00:00:00.000,2022-07-15 07:22:17+01:00
127,2022-07-14T01:08:07+01:00,1B2985A,1878,1,20,20,19,64,989,30,1,1,27,5eb930b525643251775b3218,0178787740591e01011b,1657753687,2022-07-13 00:00:00.000,2022-07-15 07:37:41+01:00
134,2022-07-14T09:20:39+01:00,1B2985A,1910,1,29,26,29,39,988,9,1,1,27,5eb930b525643251775b3218,01817e8127580901011b,1657783239,2022-07-14 00:00:00.000,2022-07-15 08:23:57+01:00
18,2022-07-15T13:18:28+01:00,1B2985A,2019,1,54,31,35,16,991,15,1,1,27,5eb930b525643251775b3218,019a8387105b0f01011b,1657883908,2022-07-15 00:00:00.000,2022-07-15 08:39:23+01:00
128,2022-07-14T17:02:34+01:00,1B2985A,1940,1,47,33,36,19,986,16,1,1,27,5eb930b525643251775b3218,0193858813561001011b,1657810954,2022-07-14 00:00:00.000,2022-07-15 09:10:13+01:00
120,2022-07-14T11:39:17+01:00,1B2985A,1919,1,48,32,40,20,987,7,1,1,27,5eb930b525643251775b3218,0194848c14570701011b,1657791557,2022-07-14 00:00:00.000,2022-07-15 10:27:15+01:00
101,2022-07-14T00:06:36+01:00,1B2985A,1874,1,23,22,22,53,989,28,1,1,27,5eb930b525643251775b3218,017b7a7a35591c01011b,1657749996,2022-07-13 00:00:00.000,2022-07-15 10:42:40+01:00
183,2022-07-14T11:08:27+01:00,1B2985A,1917,1,42,30,34,27,987,18,1,1,27,5eb930b525643251775b3218,018e82861b571201011b,1657789707,2022-07-14 00:00:00.000,2022-07-15 11:28:56+01:00
65,2022-07-14T23:57:53+01:00,1B2985A,1967,1,15,15,15,63,990,28,1,1,27,5eb930b525643251775b3218,017373733f5a1c01011b,1657835873,2022-07-14 00:00:00.000,2022-07-15 12:30:35+01:00
